Gen	I	gq	result
0	8.99338397170557	0.2141729642840837	-571.73
1	8.72633344976533	0.09299572539632514	-571.73
2	9.862659854656762	0.09916560083505928	-571.73
3	8.474238590188902	0.13276575503725008	-571.73
4	7.373010021205801	0.05204282780847033	-571.73
5	6.937525889265825	0.06418106303695725	-571.73
6	7.8745481141979266	0.11520904363820043	-571.73
7	7.860868867090721	0.05026768979755865	-571.73
8	8.114614793253644	0.11802152187450807	-571.73
9	6.165120323798431	0.10417512817678164	-571.73
10	4.109531370657631	0.20554004792572383	-571.73
11	3.987113226161936	0.17647367118994975	-571.73
12	4.8192222183226585	0.2282517129215607	-571.73
13	6.057419227104364	0.19683875293293632	-571.73
14	3.029881357684456	0.12144967358542619	-571.73
15	1.9823255751523616	0.12497735787678252	-571.73
16	2.597549664843028	0.15038125562905405	-571.73
17	3.807202996623414	0.12040566963515614	-571.73
18	3.693409331172305	0.11042969245949201	-571.73
19	2.859687419871958	0.19967966690241343	-571.73
20	2.5822378655378184	0.157906683632712	-571.73
21	4.091399902110259	0.14437592157141885	-571.73
22	4.758050587346341	0.17169252186340947	-571.73
23	4.150519942342682	0.15651882144706816	-571.73
24	4.247797329604319	0.15390297678891002	-571.73
25	3.490992881413648	0.1858401717562575	-571.73
26	2.3760677071574703	0.16340056283083004	-571.73
27	2.921116026554797	0.174780557715518	-571.73
28	1.625126739085411	0.14295219851958618	-571.73
29	1.4255291140719257	0.11887469979826423	-571.73
30	1.985755748968074	0.11345828591836983	-571.73
31	2.846716514048329	0.16135924566859375	-571.73
32	1.5374996812164157	0.22991181014011253	-571.73
33	2.3196432746513462	0.24509100555068963	-571.73
34	2.3447871487153167	0.22111152082058194	-571.73
35	1.5987864424603828	0.28775258885227384	-571.73
36	1.4478478448018661	0.25672629113146384	-571.73
37	1.595146587043002	0.2604427652797888	-571.73
38	2.7025019910374106	0.2549425290751849	-571.73
39	2.320817803542404	0.264924763991915	-571.73
40	3.062398339711608	0.40863963609436443	-122.22
41	3.438774350096806	0.41668286151004275	-121.36
42	3.3143774763804243	0.4231475263763306	-99.84
43	4.413602765107333	0.4336221144709521	-90.57
44	6.564342196543672	0.4413823147272454	-52.76
45	5.894545299480358	0.4088989777911739	-108.78
46	6.643136585048694	0.4077226699880445	-108.78
47	5.289724247271458	0.38656065209447904	-129.07
48	5.7956751269409414	0.3915152395712302	-121.36
49	5.291867620383972	0.37437910317052586	-145.97
50	5.822760300814431	0.44511294786233613	-55.89
51	4.555683553243664	0.47805723037770104	-43.25
52	2.3648860396105387	0.45662537526571134	-71.3
53	1.6031441666679136	0.3888379199852078	-148.57
54	1.6031441666679136	0.3888379199852078	-148.57
55	3.2534000875766114	0.3831553284725151	-141.57
56	2.6783023819030918	0.30138014048435313	-292.36
57	2.101620556542411	0.32160225063039477	-211.68
58	1.586339631669016	0.31640565161941436	-571.73
59	1.7676636986811698	0.3150035523777736	-571.73
60	2.2862006786045024	0.3174626187007229	-196.68
61	1.7618921170304929	0.2505821532838738	-571.73
62	1.8477581786897683	0.17388040400929405	-571.73
63	1.7561449955633759	0.22539322787800598	-571.73
64	3.0715607335715003	0.19629299186204582	-571.73
65	2.770577921070322	0.166812941682014	-571.73
66	2.0293392328792064	0.18035623127964534	-571.73
67	2.5168850181443325	0.2587606862106186	-571.73
68	2.0888263581779847	0.28969500911241586	-571.73
69	2.302841008441275	0.4126847598245097	-122.22
70	2.668331887978124	0.4486763720576983	-76.44
71	2.4660861184766683	0.4665927064972752	-64.23
72	1.4740413717814782	0.3824216231149565	-163.68
73	1.4078930515208659	0.4096296473775772	-137.24
74	1.6183860115366198	0.39584583575125887	-137.24
75	2.259556610708389	0.3357024437693709	-215.01
76	1.7057233512852172	0.3148221799133283	-571.73
77	2.086511657433073	0.2893967270278059	-571.73
78	1.7315276820718046	0.2476425040430678	-571.73
79	2.417529779942221	0.2249633369009248	-571.73
80	3.5209286816039125	0.15123204042366867	-571.73
81	2.7299082266150174	0.17221769087482014	-571.73
82	3.1274696188307716	0.23745709667120807	-571.73
83	3.414101397727203	0.21430639458934342	-571.73
84	3.5346798534089596	0.18769713739757865	-571.73
85	4.415837843624553	0.14321380200195027	-571.73
86	5.048016591736275	0.14107007729064228	-571.73
87	3.3060482056259395	0.07328673276622931	-571.73
88	2.4908426119434415	0.07293067223647148	-571.73
89	3.7820012384080055	0.0838187087079388	-571.73
90	3.5470116490663286	0.08725405917046726	-571.73
91	3.932079523637133	0.06627352358416534	-571.73
92	3.0853617332609877	0.053993969132025185	-571.73
93	3.5842523280641223	0.0663457554325978	-571.73
94	3.9287843546201224	0.06316823480185332	-571.73
95	2.937444732252198	0.06551457811119189	-571.73
96	1.6246748232921902	0.07623984618757232	-571.73
97	2.7544067806002235	0.1134387134098721	-571.73
98	3.6303620187660224	0.11778326977893838	-571.73
99	3.4691440870176256	0.09899709406058538	-571.73
100	4.625216343924178	0.09495400191099768	-571.73
101	3.5036124457452447	0.4099756086420404	-109.65
102	4.400917636377293	0.4204495312671693	-121.36
103	7.011403832531361	0.4581729441351707	-47.19
104	7.379561897063416	0.5048591118936754	-20.69
105	7.379561897063416	0.5048591118936754	-20.69
106	6.202165963205282	0.5119982560268922	-19.98
107	6.6948702209423985	0.49479296991556343	-17.19
108	6.6948702209423985	0.49479296991556343	-17.19
109	7.013614075369849	0.43542787662174437	-59.23
110	7.013614075369849	0.43542787662174437	-59.23
111	7.846645497930988	0.49932243048630065	-20.55
112	6.182449462729732	0.5052379834117071	-16.22
113	6.182449462729732	0.5052379834117071	-16.22
114	6.182449462729732	0.5052379834117071	-16.22
115	4.88454079221245	0.4546785011325673	-60.03
116	4.334362652249566	0.440626879805601	-70.77
117	4.1226922913977795	0.4721009676081868	-51.61
118	5.568680681063267	0.33632591951185703	-209.01
119	4.5560029976114444	0.3395549609042712	-209.01
120	3.621632416040286	0.4032957567649156	-121.36
121	3.3902878794354208	0.4469121877390694	-76.44
122	1.9211190342344155	0.4104228311764064	-137.24
123	1.6509966872785935	0.44683380758007346	-83.14
124	3.4017672846632956	0.48975937792391	-34.59
125	3.523718880836213	0.5229913563636429	-19.1
126	3.0954266459581845	0.5324775831084704	-22.78
127	2.205407171878075	0.6020815423216164	-163.09
128	3.8245715583441555	0.5310350692027417	-21.17
129	3.659182292411961	0.5112441008962666	-23.09
130	2.0187805427634613	0.5540150525647684	-33.36
131	2.3404883138228705	0.5334749963325576	-19.66
132	1.7199745214763476	0.5887884315317717	-102.41
133	1.4977509020956628	0.5968367404100215	-122.73
134	1.4977509020956628	0.5968367404100215	-122.73
135	2.893963733829882	0.549273198144418	-31.17
136	4.563865616218101	0.5617568358031865	-73.12
137	3.4507349832352	0.6102653286949582	-197.99
138	3.4507349832352	0.6102653286949582	-197.99
139	3.4507349832352	0.6102653286949582	-197.99
140	6.201657733862616	0.5161856459858961	-18.1
141	5.597018397220978	0.5205956684578027	-20.82
142	5.941667895015667	0.6416635604458809	-412.5
143	6.194562101224523	0.6425532730051567	-412.54
144	5.473051904891849	0.5346642920052085	-34.92
145	5.644620912680973	0.5719320661558513	-129.43
146	4.877611430828998	0.556519811059619	-69.04
147	4.583303812072019	0.545738891639644	-42.41
148	5.934480914055729	0.534713824199333	-40.33
149	6.280836829927303	0.5368146518379042	-39.06
150	6.210260325445748	0.5362410095553222	-40.82
151	6.111921392972799	0.5002988017123622	-19.09
152	7.005352287438573	0.4755942081519061	-27.25
153	6.497909154574879	0.9086657681577618	-2671.47
154	5.895086946707579	0.8795181992295339	-2434.43
155	6.371649293271235	0.8797986206879386	-2438.84
156	5.667196612157907	0.8817900537772159	-2460.89
157	5.2059424772598675	0.880960835496337	-2447.63
158	5.2059424772598675	0.880960835496337	-2447.63
159	5.509846340682427	0.8358998777771786	-1976.39
160	4.791773046635337	0.8222927073358915	-1869.32
161	5.1587186750775516	0.8217253752742435	-1865.08
162	5.1587186750775516	0.8217253752742435	-1865.08
163	6.212838142211055	0.8395906669956295	-2023.97
164	6.212838142211055	0.8395906669956295	-2023.97
165	5.322160954539779	0.8077534168591705	-1712.57
166	4.605413946208064	0.7375176214222743	-1072.32
167	5.047228048143658	0.7570161508837591	-1276.49
168	4.671429164367816	0.7495181552653363	-1170.48
169	4.871088409769469	0.7462436184337494	-1149.58
170	3.0069423493698877	0.6315730670446353	-289.72
171	2.523367448659736	0.6480865255291147	-386.85
172	3.088875371848803	0.7070496084713019	-765.76
173	3.2656393187119757	0.7168667295156294	-846.54
174	3.1279056130562006	0.7910593498054911	-1578.77
175	3.6783750903467403	0.7902585737730192	-1570.47
176	4.304597699624697	0.7638393764449236	-1312.61
177	4.304597699624697	0.7638393764449236	-1312.61
178	4.304597699624697	0.7638393764449236	-1312.61
179	3.3616199627282666	0.7144499064374851	-835.38
180	2.1218864140013505	0.7141126559974664	-791.41
181	2.512781884592515	0.6556392438810332	-413.35
182	1.714035685938096	0.6457710794156313	-335.95
183	1.7057564421074511	0.6834772950801166	-536.14
184	1.7190406314763376	0.650808522292747	-364.14
185	2.260072906123999	0.6912857182871459	-614.38
186	2.7813960512498617	0.6410934796116288	-334.86
187	1.9443025098602282	0.6367595337297771	-294.65
188	2.722556034758706	0.6133397981186388	-201.26
189	1.521408226808527	0.5948895531032661	-115.52
190	1.526167914515588	0.5699310386062729	-50.25
191	1.9038867807659243	0.5802495422340487	-89.83
192	1.8071832706775242	0.5955142111464355	-131.05
193	2.4024008641340044	0.6131191856085301	-198.36
194	4.080758181167455	0.6004588947753333	-189.66
195	3.0226817511616373	0.6749901722030341	-535.03
196	3.113062252077827	0.7066914577150121	-758.47
197	2.578858189539315	0.7417995839314174	-1040.89
198	3.6244835308235324	0.7603996495625945	-1276.59
199	2.7776723480150354	0.785764103832183	-1496.32
200	1.625133906263171	0.8110208659629712	-1707.09
201	3.1986063069508224	0.8765023323712549	-2377.02
202	3.020281263340283	0.8742267649407047	-2350.46
203	4.080395351607171	0.7902022533268266	-1574.89
204	4.2189385223365505	0.7654288706315308	-1332.8
205	4.071855631420393	0.7738201238193463	-1398.39
206	4.773931853354917	0.7516281491788873	-1205.95
207	4.773931853354917	0.7516281491788873	-1205.95
208	3.9437919676455517	0.7245223360874229	-941.06
209	3.0377451905169606	0.7087757318934367	-772.66
210	2.9102301468875993	0.7036310014816005	-714.96
211	2.9000938917828862	0.7151857579980779	-831.8
212	3.3398301634360124	0.7054889567176655	-762.24
213	3.2200877380626913	0.7100725892346037	-787.26
214	3.311790256224244	0.7707138511213949	-1373.56
215	3.654992745801455	0.7654433252940946	-1320.22
216	2.860189148213257	0.7476193784621893	-1110.72
217	2.5930624594504574	0.7911946663982763	-1566.36
218	2.5930624594504574	0.7911946663982763	-1566.36
219	1.45912061848027	0.7742824034772492	-1364.83
220	1.5103422795626733	0.7066986224457635	-690.29
221	1.430157144337016	0.6677863531988424	-428.1
222	1.4341937323700036	0.6935834489389475	-586.38
223	2.3537851528929683	0.6596271181142271	-430.44
224	2.4309840437113888	0.6243079444264985	-248.36
225	3.400229269542143	0.6027235181791687	-180.2
226	4.357724204019393	0.596748038562328	-175.84
227	2.404080845069325	0.56114224529201	-45.43
228	3.439170776134424	0.5604317000256466	-54.13
229	4.476540641647573	0.5858021498599424	-151.67
230	6.10518361901557	0.5944426736309937	-196.04
231	5.590000970384399	0.6329372195415841	-356.77
232	4.788962620242595	0.6103372486367317	-246.54
233	4.248376473746211	0.6778947440817719	-606.44
234	3.9634549679559474	0.6606924195653725	-499.51
235	4.013019951910855	0.6191411737915811	-266.47
236	4.479970782795846	0.710227418627515	-816.68
237	5.14872672799258	0.720572512124464	-921.81
238	5.323835611749764	0.6602545730198894	-529.09
239	5.323835611749764	0.6602545730198894	-529.09
240	5.013207178342769	0.7120122892102937	-835.4
241	6.27869772980145	0.6778237681219768	-659.91
242	6.124383131608495	0.7479595149513989	-1170.74
243	7.36433810911747	0.6936873358412773	-747.36
244	7.108293689615132	0.65514658245659	-525.81
245	8.152225024312262	0.7301169454433403	-1048.88
246	7.191029906506678	0.8087301908180605	-1725.46
247	5.5238172583131995	0.8523884351795443	-2154.07
248	4.5826569138589175	0.863142377155457	-2254.15
249	4.318626794862511	0.8588653308892678	-2210.3
250	1.9976176422988914	0.838485813845286	-2006.06
251	1.9125837707552273	0.7636930990053539	-1263.92
252	2.9049718854826843	0.788447865395687	-1541.86
253	3.842922890022199	0.7868831799151796	-1516.83
254	5.813358401699531	0.844794025671274	-2071.46
255	5.489180455749802	0.8167140971987952	-1796.89
256	4.31771547593015	0.7189480106683194	-880.31
257	4.914749694471775	0.7483541757261065	-1162.48
258	5.514397338339533	0.7676051746703303	-1365.3
259	5.67732854812962	0.7139563601457762	-861.56
260	5.052662721147715	0.6936273272915154	-714.64
261	3.6626721519160936	0.7123795906115428	-820.33
262	3.6626721519160936	0.7123795906115428	-820.33
263	5.372231585956061	0.7165343917703435	-895.55
264	6.003849603164294	0.7354718628820311	-1095.39
265	6.87517975171379	0.7154982504652443	-917.15
266	7.944549752054521	0.6681332634400979	-634.41
267	8.396637362770566	0.6165699540878344	-367.79
268	8.380143229643165	0.5847419532754654	-210.6
269	8.42337886636836	0.6282510412672668	-402.64
270	8.006804910901666	0.5515144014423443	-72.98
271	8.971236317796945	0.5284232020013963	-50.59
272	8.358747418808019	0.4868563147787005	-20.02
273	8.503938997603694	0.57898366038968	-184.41
274	7.353190876797457	0.5479135323819183	-67.89
275	7.353190876797457	0.5479135323819183	-67.89
276	8.376446532508044	0.7015637243362549	-809.77
277	8.297979673177238	0.6838435798755724	-725.24
278	8.297979673177238	0.6838435798755724	-725.24
279	8.81223139530434	0.6251084554813361	-392.96
280	8.384257123785211	0.5971803779257083	-242.66
281	8.384257123785211	0.5971803779257083	-242.66
282	7.785732256379471	0.5958509520928692	-233.89
283	7.817266017511502	0.5966134042522899	-236.43
284	8.04254543236165	0.6160880318583454	-355.29
285	7.107766851737445	0.573054861058273	-142.19
286	8.924298908607845	0.5538318774148041	-87.14
287	8.543808266319889	0.6433952930726912	-456.0
288	9.848620868926046	0.5748814988568929	-180.99
289	8.960197539510435	0.6074066148569471	-323.82
290	9.054974982011247	0.5906505750071399	-238.2
291	9.90366472877024	0.585043966366394	-222.31
292	9.57823502288009	0.5414688877455087	-82.06
293	10.036809242813563	0.5802531918307645	-222.77
294	9.571990034153277	0.5678525275020313	-161.27
295	9.31407739523867	0.5626441088855262	-138.79
296	10.940184353721083	0.5637242881312716	-166.36
297	10.394865606527867	0.5947340909319502	-264.08
298	10.64042964280289	0.6267290564514587	-443.41
299	10.117087360269696	0.5498416941547724	-104.38
300	10.661833042203778	0.5855831778392733	-228.19
301	12.228652199017873	0.6241060275132582	-446.66
302	12.228652199017873	0.6241060275132582	-446.66
303	12.696418100513494	0.6294440110349564	-456.14
304	13.141077834860285	0.610259208454078	-405.86
305	11.871566654805608	0.5409904028216974	-96.69
306	12.293996343996131	0.56799463052971	-181.39
307	11.896066249613114	0.602430977773042	-342.55
308	12.248101992536192	0.5936558013681834	-288.44
309	11.04060980515542	0.5409515875404076	-86.52
310	10.025964215723867	0.5314373504083766	-59.82
311	10.154063650391876	0.5328264694843284	-64.53
312	11.703937310859287	0.5728263638817233	-192.86
313	12.016022726644138	0.6279713552840895	-453.36
314	9.948981408648695	0.6191526972410322	-398.47
315	9.836133601814344	0.6151268323780077	-398.41
316	10.467929042082607	0.6771330962989679	-724.43
317	11.735959287079382	0.6251617208077391	-446.87
318	12.696479032257788	0.6706216281060864	-728.45
319	12.296186770386822	0.6706931789090854	-717.62
320	13.858465497946383	0.6637185395985096	-684.55
321	11.905983545201254	0.66077304085718	-653.58
322	13.501232650720198	0.6140221252862195	-436.85
323	13.76049925579127	0.6880917117744803	-794.35
324	13.88565455219775	0.7263714470442323	-1066.59
325	14.683003842170129	0.7239479880199473	-1032.07
326	13.467511633989416	0.6675706947665861	-712.86
327	13.465697971479928	0.655964681118507	-629.4
328	14.294691140811663	0.6450714674251183	-541.03
329	14.482651176997473	0.7005901916962415	-846.81
330	14.482651176997473	0.7005901916962415	-846.81
331	13.420344950377102	0.7243607175214799	-1039.34
332	11.591982074783576	0.7336749898355978	-1143.16
333	11.793488065246793	0.6960151992122628	-828.73
334	12.134018316116956	0.670401962657194	-717.62
335	13.088996186877239	0.5995288855111932	-329.36
336	13.392290253134036	0.568535504674739	-192.84
337	14.93315573194344	0.5832508578241404	-276.2
338	15.604315713669132	0.5933926114798397	-301.04
339	14.637236480790115	0.5733428493052919	-221.18
340	15.38494120214878	0.591591122261831	-300.8
341	14.946254887847298	0.694666620295614	-841.32
342	15.369802854530123	0.6860698290327483	-800.38
343	14.212631839454781	0.6694412113774738	-746.68
344	13.140742343849256	0.6622693627017746	-681.93
345	12.073566916038326	0.6414114643303539	-489.46
346	12.579786840862852	0.62872825548802	-459.62
347	12.520193290836792	0.6634896169180341	-673.41
348	10.610461711367341	0.7139276553111714	-943.0
349	10.45451836133611	0.7165081203270295	-960.08
350	9.95302389573226	0.7331314045924943	-1130.73
351	7.923510298554923	0.5973684762782933	-242.36
352	7.6276876889184	0.6083761191830677	-304.3
353	8.670164928920217	0.5537774303847505	-88.23
354	7.78638122084457	0.509197611200453	-22.8
355	8.080129645210114	0.5891488183550151	-220.16
356	8.156052228845995	0.5314899843191639	-49.76
357	8.384122522233607	0.5206822846298975	-28.76
358	7.539212340160067	0.5564098097919725	-83.86
359	7.983471941972966	0.5722156207059763	-150.18
360	8.342502319816386	0.5963868185040813	-245.83
361	9.51330869510761	0.6023179879116322	-298.25
362	7.820929444656053	0.6110868978838595	-316.61
363	8.075512926661158	0.582165053202261	-193.17
364	7.403303420489885	0.5376157002494476	-48.28
365	6.835971493492387	0.5724488201710718	-139.26
366	7.614590280257959	0.6485321083123305	-475.9
367	7.646868323564221	0.6089254769816763	-301.3
368	8.940289231835663	0.6464243925757174	-486.48
369	9.988793002027112	0.6458660247747102	-513.84
370	10.047206903489906	0.6328100882175818	-451.98
371	8.550894456528695	0.6328207191481711	-419.02
372	9.933322945421864	0.5978173526961785	-266.15
373	9.858445776544738	0.6478863683258245	-509.96
374	8.498588039349627	0.6830602911570054	-732.4
375	7.1818147095732225	0.6801463217390835	-696.63
376	7.142219085787621	0.7795818492325997	-1468.41
377	6.057964900243066	0.7626875553371995	-1320.59
378	6.9004328184489445	0.7763697887240633	-1452.36
379	6.373872906678505	0.7212950412439975	-955.18
380	6.9167371443387164	0.7601061173381178	-1313.19
381	7.01269387491171	0.7272254527376605	-1029.07
382	6.559606773098892	0.8203853875828597	-1865.75
383	7.259576122837153	0.8566490157780116	-2210.63
384	7.259576122837153	0.8566490157780116	-2210.63
385	6.731188818026896	0.7599789823639658	-1309.18
386	5.453494904916643	0.7848324948411027	-1522.14
387	6.07790974709352	0.7180327751798901	-910.41
388	5.3477850922088015	0.6662450782009022	-566.41
389	4.010238082023074	0.5857166285682176	-143.53
390	2.4837276505640213	0.5950864946849513	-136.28
391	4.160547996884073	0.5855540533380467	-146.04
392	4.162280652691497	0.5064256060459235	-23.3
393	4.937381631097682	0.4845682737526942	-31.95
394	4.693204413194188	0.46088091731541847	-45.78
395	4.457211032635726	0.5181755658454759	-18.1
396	5.799553271346462	0.5890840469249998	-192.25
397	5.268669999607857	0.6210254381616777	-306.45
398	5.63043291529273	0.6135743204322016	-280.29
399	5.474789107575617	0.662960030510734	-547.4
400	4.689618349150797	0.6737761967040622	-613.54
401	4.831467048843832	0.6539325163845134	-462.62
402	6.580700144261385	0.7062622876665202	-835.73
403	5.367408272417096	0.7339050251749079	-1061.02
404	7.5085278618786715	0.7921590969926098	-1650.12
405	8.242910933573835	0.8097819444287173	-1742.22
406	8.242910933573835	0.8097819444287173	-1742.22
407	7.35979037382282	0.7550202102999669	-1260.75
408	7.63324289549125	0.7344940947955421	-1080.88
409	8.017889097867323	0.8330826055001517	-1946.85
410	7.287067618935916	0.818096898550295	-1822.82
411	7.287067618935916	0.818096898550295	-1822.82
412	8.061663240387793	0.7644082008255638	-1353.92
413	8.907674956037427	0.801354805474938	-1708.91
414	8.907674956037427	0.801354805474938	-1708.91
415	7.609112436188699	0.7656331332334665	-1357.5
416	6.477722946878519	0.7281030594912318	-1031.07
417	8.373542066847559	0.7349378364597873	-1108.81
418	9.505627679525576	0.7253482195959966	-1031.64
419	7.626779096669864	0.7372347174685693	-1108.17
420	7.626779096669864	0.7372347174685693	-1108.17
421	8.200453265364109	0.719181935166319	-951.35
422	8.028016358934426	0.7771498551267676	-1476.53
423	6.932354618015416	0.7582583316095682	-1293.11
424	6.137374409351011	0.7570719872477226	-1288.95
425	4.765035721439931	0.8046621476784961	-1690.74
426	2.726231303268158	0.8386588328979916	-2006.06
427	2.9948070602860306	0.8688087527210784	-2293.47
428	2.843110144535719	0.8396342329652294	-2014.63
429	2.2463530789579966	0.855316866144326	-2175.39
430	1.625261909632034	0.8361290182851667	-1975.63
431	1.788601551212579	0.8691345781755618	-2284.67
432	2.792837642822328	0.8010973226300862	-1657.37
433	3.2305777033341205	0.7999447113416114	-1669.9
434	3.739400795898155	0.8330253239517899	-1942.3
435	3.739400795898155	0.8330253239517899	-1942.3
436	4.970530211825191	0.803837380240815	-1695.17
437	4.966515114483362	0.8636228950249761	-2245.43
438	5.720713653270966	0.8407101058577569	-2032.93
439	5.6226610154226195	0.8409334296709338	-2037.23
440	4.23279149099396	0.8545707504615304	-2171.59
441	4.615656367073572	0.8516404947580959	-2136.22
442	4.561451709065534	0.8251930576568568	-1895.0
443	5.810739743283759	0.8674649352252002	-2289.11
444	5.810739743283759	0.8674649352252002	-2289.11
445	5.347515858655538	0.8771397965766847	-2394.85
446	6.213760027275241	0.8177595737237996	-1805.72
447	5.62986884071119	0.824496748432776	-1899.76
448	5.62986884071119	0.824496748432776	-1899.76
449	4.961831456104342	0.8085719368094436	-1725.26
450	4.079200658178032	0.7858685816745702	-1504.53
451	4.079200658178032	0.7858685816745702	-1504.53
452	3.7707764964217314	0.7857928193868594	-1504.53
453	4.574003520476823	0.7372496767546598	-1076.23
454	3.3812654681948793	0.7787272229801909	-1426.83
455	1.9180516880343066	0.7901157832493666	-1545.76
456	3.2204786327188906	0.7712407633827267	-1377.57
457	2.892995281133187	0.7103958190208217	-776.22
458	1.8846050098115958	0.7793314288441537	-1402.46
459	2.1788442509812556	0.8009854056813357	-1653.06
460	2.7228669138687014	0.795935004781162	-1611.55
461	4.332067040752271	0.8030995395303566	-1686.56
462	4.438699352877877	0.8149957388186271	-1775.43
463	5.216506115476328	0.789905235673215	-1583.32
464	6.802207599953006	0.7575494172195437	-1293.13
465	7.3361213474699065	0.8019851833357523	-1704.08
466	6.431432604301343	0.7961491335135408	-1645.33
467	6.50363491190498	0.7640675507570814	-1329.15
468	6.50363491190498	0.7640675507570814	-1329.15
469	6.50363491190498	0.7640675507570814	-1329.15
470	7.752139582038675	0.7456369582711702	-1198.43
471	6.320269120310774	0.6704185827688659	-614.04
472	6.260689080017519	0.6158362103516329	-307.67
473	6.205342556961421	0.5784917704786122	-145.13
474	5.975454308660035	0.564911523288404	-103.47
475	7.126012395567083	0.6298128997985846	-373.07
476	9.279024707741817	0.6287414021568224	-416.1
477	10.514149249077006	0.5531536047764476	-102.55
478	10.266796692782936	0.4908553743039179	-15.58
479	11.146849619956283	0.4612291825317386	-33.41
480	11.405154229575773	0.5349859849782137	-68.43
481	11.3027097644058	0.5042241216278116	-33.85
482	12.03839012974798	0.49063315835006005	-15.46
483	11.392996209315607	0.4466468050517443	-46.3
484	12.099806029267762	0.47305510510556964	-9.7
485	13.503596155220935	0.4241186473777962	-56.65
486	13.639067915316618	0.38983981567954284	-57.94
487	14.705850637574112	0.3660600351739881	-56.86
488	14.969635497849083	0.3672851859594197	-48.61
489	14.55619684958756	0.38346502887173434	-59.23
490	14.40618463317184	0.35414754415467453	-128.57
491	14.362450398950658	0.4616169793252719	-0.12
492	13.13409340734893	0.4073747203033682	-72.47
493	13.02842208871553	0.39257509645842553	-62.27
494	12.237426132154756	0.343938814139839	-168.43
495	11.117067795309616	0.22854965018511547	-571.73
496	10.922775870322894	0.3275827182334395	-151.37
497	10.115602465687388	0.3682346964853828	-94.4
498	10.52355693701703	0.3196686036922462	-179.18
499	10.335277663712782	0.31713936265384274	-151.17
500	10.997814892855363	0.31669190786441215	-151.17
501	10.998810667148106	0.2579975264829095	-571.73
502	11.569454488589061	0.24944209888835311	-571.73
503	12.209325546682546	0.1730082722117307	-571.73
504	12.217062010564574	0.2132311617678638	-571.73
505	13.671492007338419	0.18896016412075703	-571.73
506	13.058695933324847	0.14726732872502407	-571.73
507	12.517866080204984	0.15783078862477834	-571.73
508	11.568646620332153	0.2347093880204807	-571.73
509	12.149229770460625	0.2784382357230953	-292.36
510	11.312774377486933	0.3211419605148244	-179.18
511	11.363287884126994	0.30879471950844534	-223.68
512	12.441453214747291	0.33470189173041887	-150.17
513	13.18757632468331	0.330344716227404	-151.37
514	11.90390449222375	0.38933042631390175	-49.94
515	11.578692274893983	0.3653186766983197	-79.69
516	11.924013949316588	0.3620740516904458	-91.4
517	11.95487760063591	0.40480150137988935	-86.67
518	11.195402476521172	0.42582717086643485	-56.21
519	10.014954855765884	0.36228720191857006	-90.5
520	8.273674172387544	0.31396518957939484	-201.35
521	7.886885970343916	0.19940892739808852	-571.73
522	7.491952767240139	0.13308595057616263	-571.73
523	6.858288343223461	0.1628114611333925	-571.73
524	6.273490838291936	0.10150371062404501	-571.73
525	5.68818327855099	0.1707421076016709	-571.73
526	5.6319049173077005	0.1696542062822501	-571.73
527	4.723422125200638	0.1779371261614626	-571.73
528	3.9491197893515255	0.2121186979536943	-571.73
529	2.342328415388372	0.1912181904388872	-571.73
530	2.4656608616791216	0.2254101882436432	-571.73
531	2.690925319487929	0.2706675024926109	-571.73
532	3.219310817723449	0.2764975562430338	-571.73
533	3.5951079302525235	0.13085236050598503	-571.73
534	3.2997205053792413	0.119474667063648	-571.73
535	3.6446977546237305	0.2285278059249496	-571.73
536	4.190879004497758	0.17453440950903287	-571.73
537	3.7952138204149355	0.19881976297617598	-571.73
538	4.849634165296533	0.19336005949254775	-571.73
539	4.5498779898634485	0.2105886078435354	-571.73
540	5.352950100025978	0.2180672318712535	-571.73
541	5.224962844568639	0.2822017343596922	-292.36
542	5.655703231878811	0.30515246966030485	-292.36
543	5.923907965304686	0.314004855323995	-201.35
544	5.78215416440951	0.3615061938910877	-195.01
545	5.978816420068098	0.3087770627765869	-285.36
546	6.487565146260113	0.21224221933694998	-571.73
547	7.013545989530344	0.19479685181944753	-571.73
548	6.167298448949921	0.2500752436237646	-571.73
549	6.670444808002091	0.2601359645016838	-571.73
550	6.487365913934149	0.29407482846119276	-292.36
551	5.4758579499044036	0.2922769968175588	-292.36
552	4.020620564507255	0.266012246394396	-571.73
553	5.263891472349582	0.2584065064323978	-571.73
554	5.09704748008206	0.323106777024199	-215.68
555	5.426287840726708	0.30329717881154045	-292.36
556	4.9107387456589215	0.3020861846560322	-292.36
557	3.883566092003091	0.28769050593624684	-292.36
558	3.1839276754504544	0.2233812902618211	-571.73
559	2.695450440508898	0.24717840989803866	-571.73
560	1.5140600053979407	0.2667075430917467	-571.73
561	1.8501176404018365	0.2641355738672775	-571.73
562	1.7077386604155624	0.23583117488015604	-571.73
563	1.8970948238735146	0.24838982426798734	-571.73
564	2.3558172251899303	0.3052110942615358	-292.36
565	1.8271505506827426	0.28411019480132277	-571.73
566	2.002173240479096	0.2567107931367608	-571.73
567	1.5137546943532907	0.2938059360054974	-571.73
568	2.4999966688256143	0.2931837539065344	-571.73
569	2.608708796569914	0.3109862725154061	-292.36
570	3.046175870937125	0.3941649869391569	-137.24
571	2.4191331766051354	0.36664304062568265	-195.68
572	2.4633264177103262	0.40693357064116553	-137.24
573	3.2702732592623853	0.41666299211674274	-120.5
574	3.36508494192075	0.3310182627879166	-215.01
575	4.141593596641583	0.3368030639398823	-209.01
576	2.815538529119861	0.36251130032126777	-195.01
577	3.012037696995297	0.33649025432961466	-215.01
578	3.6898772355919602	0.3192853647074362	-215.68
579	3.5257259090157467	0.34233880739609224	-209.01
580	5.789157187861695	0.38592118562570044	-129.07
581	5.803950892055481	0.3948364453827039	-121.36
582	5.940748559663313	0.39444141897519985	-121.36
583	4.357076708708718	0.4155106164246122	-109.65
584	5.120171806281813	0.39528819561963685	-121.36
585	5.120171806281813	0.39528819561963685	-121.36
586	5.9668773028345825	0.5261271329542199	-22.13
587	6.436154756126115	0.50563972402145	-19.05
588	6.484245785575096	0.514093139375533	-19.72
589	6.587326582313231	0.6251187141600155	-354.27
590	6.185186305679952	0.585711554851851	-180.11
591	5.596130158436031	0.6067619812949394	-242.95
592	6.692303878459004	0.5923027622176233	-207.14
593	5.534138391294506	0.7222979863383711	-955.14
594	6.547041818359429	0.6599366806747811	-553.54
595	6.58224828988415	0.6583987724489319	-539.72
596	4.97289445059143	0.705690362802073	-809.33
597	4.469152344285096	0.6387764490078032	-376.54
598	4.351655353749262	0.6583926960300096	-502.0
599	4.990144900410143	0.6248420386583425	-318.84
600	4.8928664597791744	0.656943909565255	-501.51
601	4.132105254437777	0.6649894928682891	-527.82
602	3.0526633652645847	0.7041685367605958	-729.32
603	3.8799584492548744	0.8011410312654259	-1678.34
604	3.8799584492548744	0.8011410312654259	-1678.34
605	2.944449808220887	0.7246539152849477	-906.83
606	2.977120335157367	0.6916166275614885	-653.48
607	2.2871211625002354	0.6837720688779362	-561.14
608	1.9318867591749336	0.6762207591608455	-504.54
609	2.1423081839060925	0.5603193555583919	-45.66
610	2.6929048135760754	0.584259979545667	-105.21
611	4.3568559001929925	0.5499294583254876	-50.37
612	2.790017543370702	0.6112828800257184	-198.07
613	2.5485190654060683	0.6433953711249252	-354.24
614	3.1219490380488804	0.640362721839823	-341.57
615	2.8146109066794645	0.5947016782613589	-144.08
616	3.3544608939922758	0.5700018322661219	-75.51
617	3.2261904435953674	0.6166772781585835	-236.18
618	3.4855719990866265	0.6423520868779885	-360.48
619	2.043857308159189	0.6611440362801925	-424.08
620	2.3280877974993346	0.6334918962507008	-272.64
621	1.955137817473591	0.6270713488250653	-247.85
622	2.7802463768742127	0.542780920466985	-28.45
623	2.5217023197635386	0.5525582282898486	-33.0
624	1.7953813709159623	0.5909665254078924	-115.02
625	2.7697985012643955	0.6329973927521295	-290.16
626	2.632198657329348	0.662504000757394	-450.47
627	2.9295754447807023	0.7029819809562305	-707.75
628	2.7222534445809887	0.6847888116258093	-588.9
629	2.7222534445809887	0.6847888116258093	-588.9
630	2.026592861058795	0.647004085017169	-360.96
631	2.026592861058795	0.647004085017169	-360.96
632	2.190185033277057	0.6755352111332966	-507.81
633	2.411115057858879	0.6554487111597299	-403.36
634	3.6112684999974456	0.6942076518573357	-693.07
635	4.7523844184854696	0.6420335936436126	-395.96
636	3.9050598593836896	0.6582324898374408	-493.35
637	5.400674600245192	0.6948905464984243	-736.91
638	5.586550847130433	0.6949592211256453	-740.59
639	5.083738464018213	0.6494988388659939	-435.94
640	5.850377918927985	0.6297390205563369	-344.29
641	6.1114462838517944	0.661975663494384	-551.73
642	5.65483042294144	0.6855291570697919	-671.14
643	5.31397193223437	0.7886503158172653	-1558.59
644	4.6740204127965495	0.7794199748175803	-1447.54
645	4.6740204127965495	0.7794199748175803	-1447.54
646	4.508856520389843	0.745159267933311	-1133.49
647	4.82921531598067	0.8173492326882424	-1800.66
648	4.82921531598067	0.8173492326882424	-1800.66
649	6.882622536306294	0.8236835401331066	-1912.84
650	6.625274790483584	0.7665683417917436	-1361.62
651	6.6782174738976465	0.7293927042168368	-1038.86
652	7.204442498305155	0.7296721234607143	-1036.74
653	6.782861368525748	0.7585334296829255	-1293.11
654	6.782861368525748	0.7585334296829255	-1293.11
655	6.782861368525748	0.7585334296829255	-1293.11
656	6.782861368525748	0.7585334296829255	-1293.11
657	6.391000020213537	0.7465043239139806	-1174.33
658	5.656239069154092	0.7622828031088523	-1320.89
659	5.617836224636475	0.7625830038566039	-1324.91
660	6.386356011122619	0.7446190131583493	-1158.89
661	7.571273447430895	0.7711866296028966	-1406.63
662	8.066263079298675	0.7772272914139586	-1476.64
663	7.133593696099222	0.7264441439060344	-1020.36
664	7.952764598771691	0.6403749419629943	-439.15
665	7.604911064967823	0.6072900892533853	-304.83
666	7.372562447857549	0.6463457474071144	-466.12
667	8.837735126076295	0.6782917243730565	-728.59
668	8.749331766537093	0.7176884356483462	-936.67
669	8.980281389911903	0.7057941215974549	-858.12
670	8.973918900606714	0.6780585676071444	-721.42
671	10.26318045387537	0.6509219535000397	-527.55
672	8.63901423915777	0.7222086731451743	-1005.41
673	8.519809621657872	0.7815463800013605	-1497.19
674	8.592500869674282	0.7828462578425793	-1505.75
675	6.714228908476353	0.7981540970357559	-1678.83
676	5.906458257079709	0.7874715235135128	-1559.73
677	5.906458257079709	0.7874715235135128	-1559.73
678	6.095375349579766	0.8158910624122017	-1792.99
679	6.322690344904411	0.8383999226141495	-2011.05
680	4.733661294041385	0.8059462920503043	-1699.52
681	4.733567580413414	0.7978940402021519	-1670.33
682	5.853673318546022	0.807032011791598	-1716.88
683	6.208681913203335	0.7056731182159186	-835.72
684	6.653170373564916	0.7185487756228326	-932.47
685	7.632606196321963	0.7171064867123522	-928.74
686	8.616816417254569	0.7226782416033949	-1010.9
687	8.714081368856517	0.7258809225831339	-1042.91
688	6.972278276725373	0.8095030501732805	-1725.46
689	7.380054262632327	0.7811881562356634	-1480.8
690	7.571915554641621	0.6849625839183919	-714.09
691	8.41301898233066	0.703699183552413	-835.79
692	9.69117298262875	0.6899253354129862	-774.7
693	10.304621779861142	0.7076698406291095	-869.5
694	9.685929239401982	0.6625254819338617	-640.08
695	8.994321409689501	0.5872424762932569	-234.01
696	9.551219037585035	0.6010440830581474	-289.02
697	10.710766990665688	0.6005631846776829	-305.01
698	9.015133935961604	0.5697759383384942	-160.88
699	8.144475192791058	0.5432028393094821	-71.63
700	7.768132379432215	0.5940321034381223	-236.49
701	6.639166928641783	0.556883302637743	-78.72
702	5.93532432401226	0.5613233845526923	-88.88
703	7.422797962879875	0.6377428929189349	-435.92
704	6.932912578332901	0.681792638383215	-692.66
705	4.841062177358156	0.600566943995523	-199.19
706	4.485918147249888	0.6205575261130905	-281.58
707	3.804774200056056	0.5258638804559306	-19.69
708	2.0454826568141335	0.6493571757547153	-367.52
709	1.45819565189157	0.6826514597613231	-505.07
710	1.45819565189157	0.6826514597613231	-505.07
711	2.7560212438777363	0.6669508886441	-484.14
712	2.9979373637830227	0.6411154762269684	-334.86
713	2.92094387224638	0.5983549281096102	-159.96
714	3.214317358133182	0.5883268950069884	-135.57
715	2.050691581940871	0.5462513636384897	-28.48
716	2.4118199823410533	0.5910274133659853	-128.62
717	4.124138448965684	0.6946258652844434	-707.32
718	4.150054106327353	0.6340542467202259	-321.36
719	4.557460193389928	0.62847622563026	-295.6
720	3.984101126185338	0.6543916633666123	-442.65
721	4.968177753858744	0.6695420498752314	-584.6
722	5.390084743928601	0.5888616712055645	-186.08
723	5.952246718434791	0.5816738701457022	-168.71
724	6.561125847541756	0.5195150586260406	-26.28
725	5.69230590928761	0.4624304959476101	-48.08
726	6.542179628684593	0.419633257131886	-90.67
727	7.9212639307783554	0.37480898689747355	-119.22
728	9.758880770156367	0.3406816608429109	-168.43
729	9.235471442416113	0.2919750978835409	-292.36
730	10.902913893946558	0.3248445421941364	-151.37
731	11.005327007816136	0.4071604673886493	-86.67
732	10.552355252649047	0.4297110153053714	-56.65
733	9.50640203638162	0.3822849506533055	-103.9
734	10.297852841551023	0.3629781742117089	-95.28
735	10.611856785318846	0.40496814411511095	-73.47
736	11.439289647915471	0.4231804080077677	-53.78
737	10.951371152325457	0.5599617339442075	-150.21
738	12.433479412577526	0.5574175678667135	-146.86
739	11.444490282298531	0.5393522890183948	-92.2
740	11.687138975701545	0.49836655242821226	-29.59
741	9.816577574478512	0.5132872043768653	-35.13
742	9.63525791235255	0.47998115365145355	-18.16
743	10.408435859192045	0.45588380986371696	-39.96
744	11.442246263205536	0.5334168443281236	-73.92
745	12.248180222202725	0.6251900625391443	-446.86
746	12.490919316141996	0.6128970874479318	-424.95
747	10.977667171238641	0.698898444992249	-828.31
748	10.977667171238641	0.698898444992249	-828.31
749	10.485907470123953	0.7315860915638992	-1101.8
750	9.453191970926571	0.7012455179302498	-828.26
751	10.267082391139333	0.6869297797118076	-772.11
752	10.10888595979442	0.7078464942031361	-869.6
753	8.60980150994389	0.664463559025704	-637.75
754	8.447993885299857	0.74985322280652	-1218.63
755	8.274185023304057	0.6972336926861411	-802.5
756	8.780237962114352	0.6757654877128272	-685.22
757	9.432127564413518	0.6345141279403778	-439.2
758	9.051298302789533	0.5635763529377351	-146.29
759	9.836425281924685	0.5398637493517278	-79.39
760	11.15862310533506	0.5164836433059526	-47.02
761	12.439235374231618	0.6080882220500086	-394.32
762	11.434205566485662	0.6340900143664095	-456.0
763	13.578849010026	0.5501261137329501	-131.56
764	13.15344860584749	0.5711452681335608	-198.01
765	12.102682138781468	0.5422255561629532	-101.96
766	10.712277546019504	0.616638640717061	-414.48
767	11.051613324966876	0.5665428904061472	-173.49
768	10.335239424131432	0.5958409088617032	-270.78
769	10.21107982653808	0.5568087225501848	-130.63
770	10.831246821287797	0.5960296190735986	-282.9
771	10.341761375106312	0.6244937471580707	-416.21
772	10.859520848886882	0.693919047655961	-785.0
773	11.890378446537268	0.7202202869767763	-990.16
774	10.746100269066035	0.7562878102853229	-1285.28
775	10.547038647729877	0.7367521496674129	-1128.33
776	9.801795183448116	0.6583081206618652	-610.75
777	9.73596885790785	0.5974481688498602	-269.29
778	9.8244966063886	0.618797105810839	-404.81
779	7.827991236775357	0.5608078771398037	-113.0
780	7.825547452823817	0.5837492562886075	-198.94
781	8.243834860142917	0.5869736149148213	-225.81
782	8.989854231365442	0.5833994997598523	-210.07
783	7.648655532607755	0.5091083548662378	-22.8
784	7.6318553335640935	0.48585710174175617	-17.3
785	7.723177009401265	0.42975294120861096	-66.23
786	5.6438395381692406	0.47486287817106276	-37.03
787	6.2453041201037625	0.4792296251496824	-39.58
788	7.692503119313718	0.43001712894795757	-66.23
789	6.094631738698546	0.47377433415553166	-37.38
790	6.0993904351350885	0.4716617501741135	-41.04
791	7.028677124980699	0.4758216380434133	-27.25
792	6.82022726741607	0.5254301679751356	-27.64
793	6.619493555966487	0.5911224347676347	-204.23
794	6.4011644720996435	0.6115552412841591	-276.81
795	7.357248189694579	0.6683633332336697	-630.28
796	8.316564329955087	0.6989658038939509	-802.37
797	7.946922301647111	0.7640857637301829	-1341.45
798	6.708445124035277	0.7488916144570473	-1186.63
799	5.476467163999447	0.7234646874511007	-974.12
800	4.709607401793978	0.6812931455701567	-635.23
801	3.368214762907842	0.6567112560501236	-446.21
802	3.1962250996662895	0.6678436956442513	-500.35
803	1.5038953500202559	0.5899325337022854	-102.92
804	2.057835611935934	0.593746386799424	-131.2
805	1.785394893650561	0.5816418830603985	-87.47
806	1.7944950356778995	0.5810440129017881	-87.47
807	1.894725861319839	0.5863758799791513	-101.87
808	1.43850689006958	0.5634727048561414	-46.33
809	1.498828128589331	0.5280627724620071	-24.16
810	3.2328039314769943	0.5016118540441002	-29.91
811	3.282002594053866	0.43262813213232143	-99.18
812	2.898973453782305	0.4028062368260241	-137.24
813	4.189829987639727	0.43705359859554094	-77.11
814	5.863256094735638	0.3691883071777733	-149.97
815	5.817257628612233	0.37033434025139655	-145.97
816	5.6585301346880295	0.4734857290629479	-41.49
817	4.540042031953123	0.4287042167509244	-99.18
818	6.976270120195629	0.41003831439131516	-109.65
819	7.431747962245154	0.45770603369195484	-48.98
820	7.430201537520768	0.4968602531818489	-18.96
821	7.113946345887998	0.5393409892041585	-46.49
822	8.705495696493415	0.5657553432972302	-141.58
823	8.514583352865145	0.5942887598987904	-246.13
824	9.161822187431746	0.5875797625969253	-231.36
825	8.656974698752535	0.6352751468159819	-436.05
826	8.941032084616403	0.6547131174405976	-541.59
827	9.538599384016994	0.672700035896304	-683.81
828	9.583393007385341	0.6019440216102628	-314.0
829	10.272428148010698	0.6412739171050855	-472.39
830	9.425108044347816	0.5443168901176476	-90.18
831	9.70551862992208	0.5792702827658076	-201.74
832	10.093002431231229	0.6585731478680079	-603.42
833	9.140217334796452	0.5857453642234463	-222.09
834	10.297799723245976	0.6027097844991601	-333.44
835	11.555043737906761	0.6146193645228941	-425.58
836	11.035904789506871	0.5365322681304093	-79.64
837	11.672183649430181	0.5767678773508502	-200.1
838	11.889571469528269	0.6095538847739197	-378.02
839	12.631879808159736	0.6816191104104333	-748.84
840	12.631879808159736	0.6816191104104333	-748.84
841	11.196662781635972	0.6140057317794453	-409.47
842	10.208296164038918	0.6407647312923525	-479.21
843	10.129885354643033	0.6928563908762778	-765.18
844	10.895415624879451	0.7055645519664434	-865.56
845	9.694102162034234	0.6401320917538915	-459.56
846	10.209562976431386	0.6975497686050491	-832.22
847	9.594752894409663	0.6965352795122518	-813.94
848	10.50435087933366	0.6310415162855266	-442.05
849	10.50435087933366	0.6310415162855266	-442.05
850	11.058904913841006	0.6331825399042026	-455.12
851	11.873612006671689	0.6053405065511605	-349.4
852	11.037593436336241	0.64789927392881	-523.86
853	11.649236884812236	0.5957892452335117	-286.14
854	11.20298038955427	0.5689349372851388	-173.19
855	10.693303230758776	0.5863182643837578	-243.37
856	12.1422796411566	0.6415491680824582	-506.09
857	12.236717808604915	0.6404665906850385	-492.98
858	13.534368572589802	0.721467686182592	-1015.17
859	13.534368572589802	0.721467686182592	-1015.17
860	13.353862379659605	0.7101798952909707	-927.33
861	12.66011220481575	0.7305230711242929	-1112.95
862	13.640072049671966	0.6920752843045828	-781.19
863	14.855128000429618	0.701790864503413	-846.87
864	14.855128000429618	0.701790864503413	-846.87
865	16.43314527443648	0.7109914589782573	-954.33
866	15.241082276017874	0.7286101895913268	-1120.95
867	15.21381353789213	0.7186839595611327	-999.4
868	15.21381353789213	0.7186839595611327	-999.4
869	14.875804921484246	0.7224031574942671	-1039.51
870	13.281749191013985	0.6935261220541369	-787.24
871	11.586130676019426	0.7710661262247908	-1426.76
872	11.731970375696092	0.7337976773259778	-1147.32
873	11.731970375696092	0.7337976773259778	-1147.32
874	10.731297036652903	0.7134935801841527	-940.51
875	9.703840364863057	0.688556659564375	-769.37
876	9.587961191625856	0.6877815189956664	-758.47
877	9.587961191625856	0.6877815189956664	-758.47
878	11.02697418162854	0.704145014448089	-861.79
879	9.050219128364912	0.7010710253022358	-816.97
880	6.819598328410489	0.6855046929413461	-710.91
881	7.676217050953211	0.6613661820507619	-595.69
882	8.39913272934414	0.6512532278736193	-506.68
883	8.543468652844684	0.648638517774752	-486.26
884	9.708240513864004	0.6847222038592113	-735.68
885	10.358340474121235	0.6930512435082768	-765.18
886	11.77451347667993	0.7543702792767958	-1277.79
887	11.550410984360221	0.7851074842278797	-1538.76
888	12.165938750283583	0.8050519403463904	-1721.51
889	10.924098679295895	0.7412632613209043	-1158.95
890	10.012928226785498	0.8154334117951983	-1810.6
891	8.44551816658237	0.843087021652416	-2063.49
892	13.175029226920481	0.4434538659848752	-42.4
893	10.23560969029092	0.8201892651769364	-1874.28
894	10.87581883782524	0.7981935977238004	-1700.79
895	9.77439314314651	0.8202279393189666	-1870.13
896	10.48847122226988	0.8047323398994588	-1721.37
897	10.48847122226988	0.8047323398994588	-1721.37
898	15.730903752282003	0.5570419368982	-176.16
899	12.409826401744146	0.8452088761458358	-2093.51
900	16.576832743355222	0.5839865607640531	-294.92
901	10.83048008185202	0.81736701320477	-1831.99
902	10.83048008185202	0.81736701320477	-1831.99
903	10.632337534527863	0.8005849438266317	-1717.62
904	9.459723755138285	0.7608100446581804	-1341.83
905	9.751505845461798	0.672977070173163	-694.77
906	11.091322112447532	0.7205048824902319	-974.17
907	9.988139601876316	0.723014440337683	-1017.88
908	9.882219751756976	0.7111370557864272	-906.27
909	10.85025446329173	0.6256016557766388	-436.8
910	12.314322975330274	0.6137779913677364	-425.03
911	17.648430402444934	0.5539631094107551	-157.82
912	12.284099641275745	0.5427953246947524	-118.99
913	11.40060587652364	0.4714585463098649	-14.99
914	13.333784082154457	0.5194094337468678	-58.0
915	13.204722839102592	0.44994761847813486	-43.33
916	14.716334755381101	0.49745528790421417	-40.72
917	15.07813669436312	0.4855810747987455	-13.29
918	14.35046613243377	0.4411530668153261	-39.3
919	13.714705115166055	0.5170068230629085	-52.11
920	13.263330591173881	0.5287168159922864	-76.96
921	13.860052815161982	0.5670917822766072	-198.7
922	13.675565718985588	0.5648462189040503	-196.67
923	14.401672187278708	0.5400858652959685	-116.38
924	16.009334732249275	0.5782684505316432	-249.57
925	15.401841458523567	0.6291546480319452	-489.04
926	15.843267424629948	0.6305247807333166	-498.56
927	15.876402724789191	0.6162115219370077	-458.74
928	15.483063422210938	0.553038326901061	-130.44
929	15.029888255903547	0.52146051333969	-65.93
930	15.055938681903962	0.4769894865883415	-9.55
931	14.871735352019288	0.4905009301209606	-17.72
932	14.871735352019288	0.4905009301209606	-17.72
933	16.304386441480503	0.5149886659852183	-50.01
934	14.602645347730133	0.4601431687792253	14.08
935	13.006953770364236	0.4135966736214389	-45.69
936	12.050197383698357	0.42518408983993394	-56.21
937	12.268279030480329	0.37112636383879616	-78.96
938	12.521065541129769	0.33030790961596135	-151.37
939	13.072379711358831	0.3991442983292493	-70.87
940	12.318780042294247	0.4089567619701506	-63.19
941	13.228604200951835	0.39530867880102344	-65.77
942	13.143562094867459	0.4031921877154156	-66.69
943	13.099713252512924	0.44318027769923435	-46.13
944	13.144502353470044	0.41741590086520886	-52.62
945	15.195072547645772	0.4227820540851643	-46.47
946	15.181568235476732	0.42500359435874147	-46.74
947	15.779820460989253	0.446189190017147	2.14
948	15.779820460989253	0.446189190017147	2.14
949	15.744448168732514	0.47331881391475544	-14.41
950	16.112780255237062	0.45290919051527007	11.89
951	16.112780255237062	0.45290919051527007	11.89
952	14.254348050743365	0.4163229621989422	-48.96
953	14.277122869879967	0.3745789700836344	-34.41
954	13.771423303458711	0.36313589276706054	-76.23
955	14.641767488062557	0.38939418685508476	-57.46
956	14.641767488062557	0.38939418685508476	-57.46
957	14.593038700647519	0.46912135519831155	-10.66
958	14.593038700647519	0.46912135519831155	-10.66
959	13.680423173058076	0.5053883476675247	-36.68
960	12.590797772312138	0.5039701819910739	-36.58
961	14.69949952568771	0.5095321267554067	-44.91
962	15.157381266413593	0.44724227758358664	-17.68
963	15.457215363848237	0.43111951693340633	-36.78
964	14.483836581579038	0.37760838027660715	-58.26
965	13.347444514626494	0.4133530631338983	-40.22
966	14.443014355672595	0.4469145808045911	-46.3
967	14.36740762771015	0.4464789821886295	-43.63
968	14.122857782216462	0.4900956529117383	-18.9
969	13.576252845567081	0.5260761084903309	-71.29
970	12.96269654845023	0.5101510123880854	-39.72
971	12.527731261700893	0.4706351038659146	-12.86
972	12.408135109752074	0.45676230138729645	-34.25
973	12.915805557241596	0.4911857393463315	-16.99
974	11.664710766999171	0.525407761552294	-54.61
975	12.132982249794438	0.5132726209578307	-41.19
976	11.451818404860022	0.5103936336829309	-36.25
977	13.092717873127093	0.5259294336043501	-71.37
978	13.822389056372234	0.42408025630700336	-56.21
979	14.479898508258266	0.42453125194622837	-46.74
980	14.009987900762358	0.36486253914641975	-77.5
981	14.404154905226857	0.3931980440698141	-65.94
982	15.203179373760442	0.4173675391725875	-60.43
983	15.811948220651818	0.4343792501556743	-38.19
984	15.811948220651818	0.4343792501556743	-38.19
985	15.501690904616423	0.5097979908127295	-48.97
986	13.643942009724325	0.4740302000857546	-12.59
987	13.843945578427592	0.48551727676204876	-12.01
988	12.882714253379968	0.44143254842982216	-29.82
989	12.060382501954978	0.4044688178960564	-78.07
990	10.966525007807462	0.37957673477878073	-73.17
991	9.732068369803619	0.31555796824754184	-168.43
992	10.16748330398455	0.25983146367792054	-571.73
993	12.602021660055069	0.2646442249239577	-292.36
994	12.456406908775325	0.281133533692315	-292.36
995	13.179992803680106	0.3215889498527655	-179.18
996	12.212731756375746	0.21224875524620274	-571.73
997	12.19905600673883	0.22611742509263716	-571.73
998	13.828855754258925	0.18586707755069304	-571.73
999	14.662887151164323	0.22882563347313994	-571.73
1000	15.761063030206827	0.6278270783718333	-478.84
